{"packages/cupertino_icons/assets/CupertinoIcons.ttf":["packages/cupertino_icons/assets/CupertinoIcons.ttf"],"fonts/Roboto/Roboto-Black.ttf":["fonts/Roboto/Roboto-Black.ttf"],"fonts/Roboto/Roboto-Bold.ttf":["fonts/Roboto/Roboto-Bold.ttf"],"fonts/Roboto/Roboto-Light.ttf":["fonts/Roboto/Roboto-Light.ttf"],"fonts/Roboto/Roboto-Medium.ttf":["fonts/Roboto/Roboto-Medium.ttf"],"fonts/Roboto/Roboto-Regular.ttf":["fonts/Roboto/Roboto-Regular.ttf"],"fonts/Roboto/Roboto-Thin.ttf":["fonts/Roboto/Roboto-Thin.ttf"],"assets/images/cutlery.png":["assets/images/cutlery.png"],"assets/images/diet.png":["assets/images/diet.png"],"assets/images/logo.jpeg":["assets/images/logo.jpeg"],"assets/images/logo.jpg":["assets/images/logo.jpg"],"assets/images/logo.png":["assets/images/logo.png"],"assets/images/man-profile.png":["assets/images/man-profile.png"],"assets/images/salad.jpg":["assets/images/salad.jpg"],"assets/images/spice.png":["assets/images/spice.png"]}